{
  "accuracy": 0.98,
  "weighted_f1": 0.98,
  "macro_f1": 0.9802,
  "per_class": {
    "local": {
      "precision": 0.9765,
      "recall": 0.972,
      "f1": 0.9742,
      "support": 214
    },
    "cloud": {
      "precision": 0.9895,
      "recall": 0.9741,
      "f1": 0.9817,
      "support": 193
    },
    "search": {
      "precision": 0.9746,
      "recall": 0.9948,
      "f1": 0.9846,
      "support": 193
    }
  },
  "confusion_matrix": [
    [
      208,
      2,
      4
    ],
    [
      4,
      188,
      1
    ],
    [
      1,
      0,
      192
    ]
  ],
  "confusion_matrix_labels": [
    "local",
    "cloud",
    "search"
  ],
  "latency": {
    "mean_ms": 7320.443023925957,
    "median_ms": 6187.035779701546,
    "p50_ms": 6187.035779701546,
    "p95_ms": 14407.424908759996,
    "p99_ms": 19071.515094749615,
    "min_ms": 5.49371400848031,
    "max_ms": 139324.55435488373
  },
  "total_samples": 600,
  "privacy_analysis": {
    "total_sensitive_queries": 11,
    "leaked_to_cloud": 0,
    "leak_rate": 0.0,
    "leak_examples": []
  },
  "mode": "baseline"
}