{
  "accuracy": 0.96,
  "weighted_f1": 0.9599,
  "macro_f1": 0.9603,
  "per_class": {
    "local": {
      "precision": 0.9707,
      "recall": 0.9299,
      "f1": 0.9499,
      "support": 214
    },
    "cloud": {
      "precision": 0.9695,
      "recall": 0.9896,
      "f1": 0.9795,
      "support": 193
    },
    "search": {
      "precision": 0.9394,
      "recall": 0.9637,
      "f1": 0.9514,
      "support": 193
    }
  },
  "confusion_matrix": [
    [
      199,
      5,
      10
    ],
    [
      0,
      191,
      2
    ],
    [
      6,
      1,
      186
    ]
  ],
  "confusion_matrix_labels": [
    "local",
    "cloud",
    "search"
  ],
  "latency": {
    "mean_ms": 2873.656600910084,
    "median_ms": 1465.5675700050779,
    "p50_ms": 1465.5675700050779,
    "p95_ms": 7462.108783412255,
    "p99_ms": 10212.279837653037,
    "min_ms": 427.8688649646938,
    "max_ms": 23723.313671071082
  },
  "total_samples": 600,
  "privacy_analysis": {
    "total_sensitive_queries": 11,
    "leaked_to_cloud": 0,
    "leak_rate": 0.0,
    "leak_examples": []
  },
  "mode": "optimized"
}