{
  "accuracy": 0.9817,
  "weighted_f1": 0.9817,
  "macro_f1": 0.982,
  "per_class": {
    "local": {
      "precision": 0.9721,
      "recall": 0.9766,
      "f1": 0.9744,
      "support": 214
    },
    "cloud": {
      "precision": 1.0,
      "recall": 0.9845,
      "f1": 0.9922,
      "support": 193
    },
    "search": {
      "precision": 0.9744,
      "recall": 0.9845,
      "f1": 0.9794,
      "support": 193
    }
  },
  "confusion_matrix": [
    [
      209,
      0,
      5
    ],
    [
      3,
      190,
      0
    ],
    [
      3,
      0,
      190
    ]
  ],
  "confusion_matrix_labels": [
    "local",
    "cloud",
    "search"
  ],
  "latency": {
    "mean_ms": 7237.852458787772,
    "median_ms": 5912.523591192439,
    "p50_ms": 5912.523591192439,
    "p95_ms": 16663.418876845357,
    "p99_ms": 30082.55847129505,
    "min_ms": 3917.0256056822836,
    "max_ms": 37637.285796925426
  },
  "total_samples": 600,
  "privacy_analysis": {
    "total_sensitive_queries": 11,
    "leaked_to_cloud": 0,
    "leak_rate": 0.0,
    "leak_examples": []
  }
}