{
  "accuracy": 0.9717,
  "weighted_f1": 0.9718,
  "macro_f1": 0.9722,
  "per_class": {
    "local": {
      "precision": 0.9301,
      "recall": 0.9953,
      "f1": 0.9616,
      "support": 214
    },
    "cloud": {
      "precision": 1.0,
      "recall": 0.943,
      "f1": 0.9707,
      "support": 193
    },
    "search": {
      "precision": 0.9947,
      "recall": 0.9741,
      "f1": 0.9843,
      "support": 193
    }
  },
  "confusion_matrix": [
    [
      213,
      0,
      1
    ],
    [
      11,
      182,
      0
    ],
    [
      5,
      0,
      188
    ]
  ],
  "confusion_matrix_labels": [
    "local",
    "cloud",
    "search"
  ],
  "latency": {
    "mean_ms": 3698.429645378104,
    "median_ms": 3648.9592180005275,
    "p50_ms": 3648.9592180005275,
    "p95_ms": 4286.522888531908,
    "p99_ms": 5124.204026582882,
    "min_ms": 2484.288164996542,
    "max_ms": 10827.594636008143
  },
  "total_samples": 600,
  "privacy_analysis": {
    "total_sensitive_queries": 11,
    "leaked_to_cloud": 0,
    "leak_rate": 0.0,
    "leak_examples": []
  },
  "mode": "optimized"
}